{"cameraMode":{"drawMode":0,"name":"Shaded","section":"Shading Mode"},"sceneLighting":false,"audioPlay":false,"sceneViewState":{"showFog":true,"showMaterialUpdate":false,"showSkybox":true,"showFlares":true,"showImageEffects":true,"showParticleSystems":true},"in2DMode":false,"pivot":{"x":0.7997536063194275,"y":0.7195234894752502,"z":-0.22181782126426698},"rotation":{"x":0.08385389298200607,"y":0.7761644124984741,"z":-0.10566823929548264,"w":0.6159319281578064},"size":3.0211267471313478,"orthographic":false}